public_path	workspace_source	source_sha256	public_sha256	transformation
evidence/original_model/AC_WO_DC_PRIMARY_SOURCE_RECONCILIATION.txt	outputs/BPI_RPP_five_hour_research/AC_WO_DC_PRIMARY_SOURCE_RECONCILIATION.txt	e8e4e1afc9f419da6f163c39be4822b9f0d506bb1f23f9a91922f17e883b2126	e8e4e1afc9f419da6f163c39be4822b9f0d506bb1f23f9a91922f17e883b2126	unchanged
evidence/original_model/ALL_BASE_EXPONENT_CANCELLATION_LITERATURE_AUDIT.txt	outputs/BPI_RPP_five_hour_research/ALL_BASE_EXPONENT_CANCELLATION_LITERATURE_AUDIT.txt	19bfec43e270cc3aa7c076fd42db92dd95fe31d911efc0093c3d51fcc8bbf8c4	19bfec43e270cc3aa7c076fd42db92dd95fe31d911efc0093c3d51fcc8bbf8c4	unchanged
evidence/original_model/ANCESTOR_FILTER_COMPACTNESS_AND_ULTRAFILTER_INCOMPLETENESS.txt	outputs/BPI_RPP_five_hour_research/ANCESTOR_FILTER_COMPACTNESS_AND_ULTRAFILTER_INCOMPLETENESS.txt	2f4163dff9098e1cead6f6bfa01b691ed8f7d320345781b663049a3536d019ba	2f4163dff9098e1cead6f6bfa01b691ed8f7d320345781b663049a3536d019ba	unchanged
evidence/original_model/ANCHORED_RAYS_RESOLVE_TAIL_AND_INTERVAL_CARDINALS.txt	outputs/BPI_RPP_five_hour_research/ANCHORED_RAYS_RESOLVE_TAIL_AND_INTERVAL_CARDINALS.txt	cc7edf5f9052cf0cbaa5896f31f211d79c5f1bb485a1b67f0a27eed14cc3ee52	cc7edf5f9052cf0cbaa5896f31f211d79c5f1bb485a1b67f0a27eed14cc3ee52	unchanged
evidence/original_model/AUDITED_MODEL_VARIANTS_AND_PRESERVATION.txt	outputs/BPI_RPP_five_hour_research/AUDITED_MODEL_VARIANTS_AND_PRESERVATION.txt	aad37b41bbb0919fe28669f3c7d6831e2bf14dd5483d26084220d92c5002f5b5	aad37b41bbb0919fe28669f3c7d6831e2bf14dd5483d26084220d92c5002f5b5	unchanged
evidence/original_model/BINARY_TRIPLE_RAMSEY_AUDIT_AND_COARSENING_NO_GO.txt	outputs/BPI_RPP_five_hour_research/BINARY_TRIPLE_RAMSEY_AUDIT_AND_COARSENING_NO_GO.txt	4ed8506283cde7c73b763b3d021ffea695aa0778cf94adc22ffb33258ca52636	4ed8506283cde7c73b763b3d021ffea695aa0778cf94adc22ffb33258ca52636	unchanged
evidence/original_model/BINARY_TRIPLE_ROOT_INDEPENDENT_AUDIT.txt	outputs/BPI_RPP_five_hour_research/BINARY_TRIPLE_ROOT_INDEPENDENT_AUDIT.txt	28d80772be0b821e4b2469852cb7b0df41dc0d4c57ed142fe78929dbac35db5a	28d80772be0b821e4b2469852cb7b0df41dc0d4c57ed142fe78929dbac35db5a	unchanged
evidence/original_model/BOOLEAN_ALGEBRA_ROOT_AUDIT.txt	outputs/BPI_RPP_five_hour_research/BOOLEAN_ALGEBRA_ROOT_AUDIT.txt	fe99ae8c8f44f1831eb958c6737ad71bf0387ab120f88a466daf33b148e22101	fe99ae8c8f44f1831eb958c6737ad71bf0387ab120f88a466daf33b148e22101	unchanged
evidence/original_model/BOOLEAN_CODES_FOR_NEW_REALS_ROOT_DRAFT.txt	outputs/BPI_RPP_five_hour_research/BOOLEAN_CODES_FOR_NEW_REALS_ROOT_DRAFT.txt	85d0385af594c74861d3470eff744919dae7079232d253892d7a0f33c2e350c3	85d0385af594c74861d3470eff744919dae7079232d253892d7a0f33c2e350c3	unchanged
evidence/original_model/BOOLEAN_CODES_REAL_QUOTIENT_INDEPENDENT_AUDIT.txt	outputs/BPI_RPP_five_hour_research/BOOLEAN_CODES_REAL_QUOTIENT_INDEPENDENT_AUDIT.txt	83bb5ba64dd59f55c69bce805ca1e1f7f4ee7125b7e83577462fb42441d2fbaa	83bb5ba64dd59f55c69bce805ca1e1f7f4ee7125b7e83577462fb42441d2fbaa	unchanged
evidence/original_model/BOOLEAN_COMPLETION_COVERING_AND_HARTOGS_PRESERVATION_AUDIT.txt	outputs/BPI_RPP_five_hour_research/BOOLEAN_COMPLETION_COVERING_AND_HARTOGS_PRESERVATION_AUDIT.txt	2607848599ed087f1d33032232840ce57523f213a17cf26c5333d5d18bd3e151	2607848599ed087f1d33032232840ce57523f213a17cf26c5333d5d18bd3e151	unchanged
evidence/original_model/BPI_AC_WO_AND_HEIGHT_BRIDGE_AUDIT.txt	outputs/BPI_RPP_five_hour_research/BPI_AC_WO_AND_HEIGHT_BRIDGE_AUDIT.txt	b884001196c9a23ed580e948f6e72ea60ebc2d9e437e5ba1fa547e2dfb47ab37	b884001196c9a23ed580e948f6e72ea60ebc2d9e437e5ba1fa547e2dfb47ab37	unchanged
evidence/original_model/BPI_SIX_CYCLE_ROOT_INDEPENDENT_AUDIT.txt	outputs/BPI_RPP_five_hour_research/BPI_SIX_CYCLE_ROOT_INDEPENDENT_AUDIT.txt	d53f471a00f955bd2d898cc6561ab79801c9b80bdbeb848575901d7e9f4af344	d53f471a00f955bd2d898cc6561ab79801c9b80bdbeb848575901d7e9f4af344	unchanged
evidence/original_model/BPI_SVC_AND_HIGHER_CHOICE_PHASE2.txt	outputs/BPI_RPP_five_hour_research/BPI_SVC_AND_HIGHER_CHOICE_PHASE2.txt	98a37de11dc4da7f3e2d2ffe2459727918ed3f57dc3743faa958d8267561377a	98a37de11dc4da7f3e2d2ffe2459727918ed3f57dc3743faa958d8267561377a	unchanged
evidence/original_model/CARDINAL_EXPONENTIATION_DRAFT_INDEPENDENT_REVIEW.txt	outputs/BPI_RPP_five_hour_research/CARDINAL_EXPONENTIATION_DRAFT_INDEPENDENT_REVIEW.txt	0e7524032929becd63c651c1ef832fad51b97a05559ec7e3f1725958a10947df	0e7524032929becd63c651c1ef832fad51b97a05559ec7e3f1725958a10947df	unchanged
evidence/original_model/CARDINAL_EXPONENTIATION_NOTE_BIBLIOGRAPHY_AUDIT.txt	outputs/BPI_RPP_five_hour_research/CARDINAL_EXPONENTIATION_NOTE_BIBLIOGRAPHY_AUDIT.txt	fc60f3a9a1c176138373a553d1699cfe18a3fd06345f75ae335face8ff7349a4	fc60f3a9a1c176138373a553d1699cfe18a3fd06345f75ae335face8ff7349a4	unchanged
evidence/original_model/CCC3_PRESERVES_AC_WO_CONDITIONAL_AUDIT.txt	outputs/BPI_RPP_five_hour_research/CCC3_PRESERVES_AC_WO_CONDITIONAL_AUDIT.txt	ec60f78701d10fb4cb81a8c437e32e19dddef48eea61c3a7648ed0f1c3b2966b	ec60f78701d10fb4cb81a8c437e32e19dddef48eea61c3a7648ed0f1c3b2966b	unchanged
evidence/original_model/COMPLETE_CCC_BOOLEAN_ALGEBRA_EXACT_CARDINAL_A_AUDIT.txt	outputs/BPI_RPP_five_hour_research/COMPLETE_CCC_BOOLEAN_ALGEBRA_EXACT_CARDINAL_A_AUDIT.txt	13ba174745ecc54c573593d0c5607e6f46b37062c4c23eb77156bb4f01158154	13ba174745ecc54c573593d0c5607e6f46b37062c4c23eb77156bb4f01158154	unchanged
evidence/original_model/COMPLETE_GCH_GROUND_EXPONENT_TABLE.txt	outputs/BPI_RPP_five_hour_research/COMPLETE_GCH_GROUND_EXPONENT_TABLE.txt	5bdde4829ae2195488a21f2a90019e51c38aea3cde81937399396131ff20d0c4	5bdde4829ae2195488a21f2a90019e51c38aea3cde81937399396131ff20d0c4	unchanged
evidence/original_model/COUNTABLE_MEMBER_CHOICE_AND_RAY_REFINEMENT_AUDIT.txt	outputs/BPI_RPP_five_hour_research/COUNTABLE_MEMBER_CHOICE_AND_RAY_REFINEMENT_AUDIT.txt	4571693ab916cb585ba1bc6e5f938f3d5753bc7185d3ab948de3686aa79779f0	4571693ab916cb585ba1bc6e5f938f3d5753bc7185d3ab948de3686aa79779f0	unchanged
evidence/original_model/COUNTABLE_MEMBER_CHOICE_SECOND_INDEPENDENT_AUDIT.txt	outputs/BPI_RPP_five_hour_research/COUNTABLE_MEMBER_CHOICE_SECOND_INDEPENDENT_AUDIT.txt	8295688ef4611cde2cce26d1e200bfdf3e277dea02d588fc6696f5e8b235c028	8295688ef4611cde2cce26d1e200bfdf3e277dea02d588fc6696f5e8b235c028	unchanged
evidence/original_model/COUNTABLE_MULTISECTIONS_AND_NONSPLITTING_PRESERVATION.txt	outputs/BPI_RPP_five_hour_research/COUNTABLE_MULTISECTIONS_AND_NONSPLITTING_PRESERVATION.txt	b0ff44a73a8ead053a5ab8d519691b56cd014816b7eec3631ad74df5755db5b4	b0ff44a73a8ead053a5ab8d519691b56cd014816b7eec3631ad74df5755db5b4	unchanged
evidence/original_model/COUNTABLE_MULTISELECTOR_INDEPENDENT_AUDIT.txt	outputs/BPI_RPP_five_hour_research/COUNTABLE_MULTISELECTOR_INDEPENDENT_AUDIT.txt	860e5f8c41c2f10895ddebc7c2a39e955275e63c94f1df1685fb73d5d9ede265	860e5f8c41c2f10895ddebc7c2a39e955275e63c94f1df1685fb73d5d9ede265	unchanged
evidence/original_model/COUNTABLE_POWERS_AND_EXPLICIT_COEFFICIENTS.txt	outputs/BPI_RPP_five_hour_research/COUNTABLE_POWERS_AND_EXPLICIT_COEFFICIENTS.txt	35cc2db19f0a854f500bb5f0e4b4447c3bfd6172b389aefed303ccd6286d415b	35cc2db19f0a854f500bb5f0e4b4447c3bfd6172b389aefed303ccd6286d415b	unchanged
evidence/original_model/DC_BPI_SOURCE_CONFLICT.txt	outputs/BPI_RPP_five_hour_research/DC_BPI_SOURCE_CONFLICT.txt	a3e4cba110e3501d28990c3fda9a22e8484f948ac7aff47ed2e5270ca3c00e16	a3e4cba110e3501d28990c3fda9a22e8484f948ac7aff47ed2e5270ca3c00e16	unchanged
evidence/original_model/EXACT_EXPONENTIALS_AND_UNIVERSAL_EXPONENT_COLLAPSE_AUDIT.txt	outputs/BPI_RPP_five_hour_research/EXACT_EXPONENTIALS_AND_UNIVERSAL_EXPONENT_COLLAPSE_AUDIT.txt	38b983363694d27172e1c2d39201adfcc7824ac384f6217b5b3d8e1a450b62e5	38b983363694d27172e1c2d39201adfcc7824ac384f6217b5b3d8e1a450b62e5	unchanged
evidence/original_model/EXACT_HOMOGENEOUS_CARDINAL_BOUND.txt	outputs/BPI_RPP_five_hour_research/EXACT_HOMOGENEOUS_CARDINAL_BOUND.txt	3e160e8101f30c5f4b30a7555e5ed825f4aa14b3d098a01bd1a51dd8bbf1aa4e	3e160e8101f30c5f4b30a7555e5ed825f4aa14b3d098a01bd1a51dd8bbf1aa4e	unchanged
evidence/original_model/EXACT_POWER_SET_CARDINALS_INDEPENDENT_AUDIT.txt	outputs/BPI_RPP_five_hour_research/EXACT_POWER_SET_CARDINALS_INDEPENDENT_AUDIT.txt	f9fe6cfd5c2af1f26a6d7db9b60ec0a2ca3bd1e761509b43e5c9922b68324e84	f9fe6cfd5c2af1f26a6d7db9b60ec0a2ca3bd1e761509b43e5c9922b68324e84	unchanged
evidence/original_model/EXACT_POWER_SET_CARDINALS_SUPPORTED_NAME_PROOF.txt	outputs/BPI_RPP_five_hour_research/EXACT_POWER_SET_CARDINALS_SUPPORTED_NAME_PROOF.txt	fcac9e0101cc36bc3f8f970f8ff95189a6493e9cee3b23a57af52a5674a5ed06	fcac9e0101cc36bc3f8f970f8ff95189a6493e9cee3b23a57af52a5674a5ed06	unchanged
evidence/original_model/EXPLICIT_GRAPH_COMPACTNESS_COUNTEREXAMPLE.txt	outputs/BPI_RPP_five_hour_research/EXPLICIT_GRAPH_COMPACTNESS_COUNTEREXAMPLE.txt	41e7bcf973431dd3957d225aa643d2f118f843578492ff85f2b8b4a73f2222af	41e7bcf973431dd3957d225aa643d2f118f843578492ff85f2b8b4a73f2222af	unchanged
evidence/original_model/EXPLICIT_GRAPH_COMPACTNESS_INDEPENDENT_AUDIT.txt	outputs/BPI_RPP_five_hour_research/EXPLICIT_GRAPH_COMPACTNESS_INDEPENDENT_AUDIT.txt	ca53b60b83e774084f9e9cd861aa4446bdd009119b140c86d43b33bcb18a063c	ca53b60b83e774084f9e9cd861aa4446bdd009119b140c86d43b33bcb18a063c	unchanged
evidence/original_model/EXPLICIT_NONSPLITTING_AND_PREDECESSOR_SELECTION.txt	outputs/BPI_RPP_five_hour_research/EXPLICIT_NONSPLITTING_AND_PREDECESSOR_SELECTION.txt	f6a10634f38f42e04fc6df8b2307c115bea9404c5a8b697519b4e2a4a4a5da85	f6a10634f38f42e04fc6df8b2307c115bea9404c5a8b697519b4e2a4a4a5da85	unchanged
evidence/original_model/FB_NDS_FAC_EXACT_CHOICE_AUDIT.txt	outputs/BPI_RPP_five_hour_research/FB_NDS_FAC_EXACT_CHOICE_AUDIT.txt	217298a075a627090201865388e8fab9d3274085b30c6d3b74d21c21bc4ab71a	217298a075a627090201865388e8fab9d3274085b30c6d3b74d21c21bc4ab71a	unchanged
evidence/original_model/FINE_IDEAL_FORCING_PRESERVATION_AND_CLOSURE_AUDIT.txt	outputs/BPI_RPP_five_hour_research/FINE_IDEAL_FORCING_PRESERVATION_AND_CLOSURE_AUDIT.txt	0906dcda417c9013f20283f23bdc7a07ab2fe8dc2dfee3a345cb71d272e64281	0906dcda417c9013f20283f23bdc7a07ab2fe8dc2dfee3a345cb71d272e64281	unchanged
evidence/original_model/FINITE_GENERATOR_MODEL_BLUEPRINT.txt	outputs/BPI_RPP_five_hour_research/FINITE_GENERATOR_MODEL_BLUEPRINT.txt	799218b53c6b586e6c8687b17ed79b8b6d9f0553edcd833d46bd79ac7f9d3285	799218b53c6b586e6c8687b17ed79b8b6d9f0553edcd833d46bd79ac7f9d3285	unchanged
evidence/original_model/FINITE_HEIGHT_LEAN_SCOPE.txt	outputs/BPI_RPP_five_hour_research/FINITE_HEIGHT_LEAN_SCOPE.txt	e939982e4ee787b372979f6de47570ce1145c0a0d52bde1caaa40293c8dde42d	e939982e4ee787b372979f6de47570ce1145c0a0d52bde1caaa40293c8dde42d	unchanged
evidence/original_model/FINITE_KWP_ICF_COLLAPSE_INDEPENDENT_AUDIT.txt	outputs/BPI_RPP_five_hour_research/FINITE_KWP_ICF_COLLAPSE_INDEPENDENT_AUDIT.txt	450703d194e93b08650bd983ceefb031679aa32fcd1b1cf40b3b9c610246d64f	450703d194e93b08650bd983ceefb031679aa32fcd1b1cf40b3b9c610246d64f	unchanged
evidence/original_model/FINITE_LINEAR_EXTENSION_CCC_INDEPENDENT_AUDIT.txt	outputs/BPI_RPP_five_hour_research/FINITE_LINEAR_EXTENSION_CCC_INDEPENDENT_AUDIT.txt	e6704b568ed95d909c4be5ef8e2e0c5725c82ec228869a9e7c064b80d152e15e	e6704b568ed95d909c4be5ef8e2e0c5725c82ec228869a9e7c064b80d152e15e	unchanged
evidence/original_model/FINITE_LINEAR_EXTENSION_FORCING_CCC.txt	outputs/BPI_RPP_five_hour_research/FINITE_LINEAR_EXTENSION_FORCING_CCC.txt	750728b32ac868320e6700c40fa02dd898c91a59157335b9641095b226a25ae1	750728b32ac868320e6700c40fa02dd898c91a59157335b9641095b226a25ae1	unchanged
evidence/original_model/FINITE_ORDER_CCC_ROOT_AUDIT.txt	outputs/BPI_RPP_five_hour_research/FINITE_ORDER_CCC_ROOT_AUDIT.txt	d67bf8d3cdd307802dde272293613508e16234087922746e87815edecd60f709	d67bf8d3cdd307802dde272293613508e16234087922746e87815edecd60f709	unchanged
evidence/original_model/FINITE_ORDER_FORCING_CCC3_CHART_REDUCTION.txt	outputs/BPI_RPP_five_hour_research/FINITE_ORDER_FORCING_CCC3_CHART_REDUCTION.txt	692b9f4269362ec0ca22cf207afc607930dff4ca36aac06f9249bf70455a4f97	692b9f4269362ec0ca22cf207afc607930dff4ca36aac06f9249bf70455a4f97	unchanged
evidence/original_model/FINITE_ORDER_FORCING_CCC3_INDEPENDENT_AUDIT.txt	outputs/BPI_RPP_five_hour_research/FINITE_ORDER_FORCING_CCC3_INDEPENDENT_AUDIT.txt	8ee4a3ef3a210754932cf53bf56a6c43bc8e7110ec9a69e59586d71c5a6d9104	8ee4a3ef3a210754932cf53bf56a6c43bc8e7110ec9a69e59586d71c5a6d9104	unchanged
evidence/original_model/FINITE_ORDER_FORCING_COUNTABLE_COVERING_AUDIT.txt	outputs/BPI_RPP_five_hour_research/FINITE_ORDER_FORCING_COUNTABLE_COVERING_AUDIT.txt	673dd58a073b2b88a07391892c2fda63f17760a88647ae9983d62e056dbfa66b	673dd58a073b2b88a07391892c2fda63f17760a88647ae9983d62e056dbfa66b	unchanged
evidence/original_model/FINITE_ORDER_PALETTE_INDEPENDENT_AUDIT.txt	outputs/BPI_RPP_five_hour_research/FINITE_ORDER_PALETTE_INDEPENDENT_AUDIT.txt	b3afbb908478df705a935df6ef43458009b6f9ab5533be58d990e2d229d03b5b	b3afbb908478df705a935df6ef43458009b6f9ab5533be58d990e2d229d03b5b	unchanged
evidence/original_model/FINITE_POWER_HISTORICAL_REFERENCE_1985.txt	outputs/BPI_RPP_five_hour_research/FINITE_POWER_HISTORICAL_REFERENCE_1985.txt	fc2cf12262f741361c26c7eaa70beb2127a83ec7284233bb7879bcecba6d86d2	fc2cf12262f741361c26c7eaa70beb2127a83ec7284233bb7879bcecba6d86d2	unchanged
evidence/original_model/FINITE_POWER_STABILITY_AUDIT.txt	outputs/BPI_RPP_five_hour_research/FINITE_POWER_STABILITY_AUDIT.txt	97a23e29c2abce0e066ac30cd4618bc4714642f46c39f845b6c56b73fd45b719	97a23e29c2abce0e066ac30cd4618bc4714642f46c39f845b6c56b73fd45b719	unchanged
evidence/original_model/FiniteHeightAudit.lean	outputs/BPI_RPP_five_hour_research/FiniteHeightAudit.lean	5fbf37eac46108412e755fd673e1e9442867ad78a5f1eacb5f50a3817e36156d	5fbf37eac46108412e755fd673e1e9442867ad78a5f1eacb5f50a3817e36156d	unchanged
evidence/original_model/GCH_GROUND_COMPLETE_POWER_CARDINAL_TABLE.txt	outputs/BPI_RPP_five_hour_research/GCH_GROUND_COMPLETE_POWER_CARDINAL_TABLE.txt	20d3be53d7e874b42f5b9c0dba635299cc45e17096f29926dc2a7366252b8dee	20d3be53d7e874b42f5b9c0dba635299cc45e17096f29926dc2a7366252b8dee	unchanged
evidence/original_model/GCH_POWER_TABLE_INDEPENDENT_AUDIT_AND_SOURCE_CHECK.txt	outputs/BPI_RPP_five_hour_research/GCH_POWER_TABLE_INDEPENDENT_AUDIT_AND_SOURCE_CHECK.txt	6e270e7883d7e5f42ad5869c8f66c20163e99c17bfbb97b0de348eebe328f18c	6e270e7883d7e5f42ad5869c8f66c20163e99c17bfbb97b0de348eebe328f18c	unchanged
evidence/original_model/GENERIC_LINEAR_ORDER_SEGMENTS_AND_SQUARE_ROOTS.txt	outputs/BPI_RPP_five_hour_research/GENERIC_LINEAR_ORDER_SEGMENTS_AND_SQUARE_ROOTS.txt	ef60ceda53f7f72fde1efd2731e40728d00c53f466d6fbd7de1300fda4999d7a	ef60ceda53f7f72fde1efd2731e40728d00c53f466d6fbd7de1300fda4999d7a	unchanged
evidence/original_model/GENERIC_ORDER_PROFILES_INJECT_A_INTO_REALS.txt	outputs/BPI_RPP_five_hour_research/GENERIC_ORDER_PROFILES_INJECT_A_INTO_REALS.txt	386c9a5dc75366d851ae1067c19362e7545e37697a14137d9e1fb5e8c17cd930	386c9a5dc75366d851ae1067c19362e7545e37697a14137d9e1fb5e8c17cd930	unchanged
evidence/original_model/GENERIC_ORDER_SEGMENTS_INDEPENDENT_AUDIT.txt	outputs/BPI_RPP_five_hour_research/GENERIC_ORDER_SEGMENTS_INDEPENDENT_AUDIT.txt	12dffeaec7fdc97c1a8f01787bcab561290b77a222466bb472073217eaf161cf	12dffeaec7fdc97c1a8f01787bcab561290b77a222466bb472073217eaf161cf	unchanged
evidence/original_model/GENERIC_REAL_PROFILE_INDEPENDENT_AUDIT_AND_QUOTIENT_TEST.txt	outputs/BPI_RPP_five_hour_research/GENERIC_REAL_PROFILE_INDEPENDENT_AUDIT_AND_QUOTIENT_TEST.txt	c4cd79e6088121b646ab4a12472f09563fecacade80b9f44577cd769a5816ead	c4cd79e6088121b646ab4a12472f09563fecacade80b9f44577cd769a5816ead	unchanged
evidence/original_model/GLOBAL_NON_WELL_ORDERABLE_RAMSEY_THRESHOLD.txt	outputs/BPI_RPP_five_hour_research/GLOBAL_NON_WELL_ORDERABLE_RAMSEY_THRESHOLD.txt	4165b0bde77c1a2375ed73b8956f7c9760488c3ef6dc7c734cf50d5e8a4f465d	4165b0bde77c1a2375ed73b8956f7c9760488c3ef6dc7c734cf50d5e8a4f465d	unchanged
evidence/original_model/HENKIN_SMALL_CARRIER_AND_STRUCTURE_OBSTRUCTION.txt	outputs/BPI_RPP_five_hour_research/HENKIN_SMALL_CARRIER_AND_STRUCTURE_OBSTRUCTION.txt	8bfea3acce4114e0fff9539e441e9f90b17c1753db8b3a04d98d528dcf3671db	8bfea3acce4114e0fff9539e441e9f90b17c1753db8b3a04d98d528dcf3671db	unchanged
evidence/original_model/HIGHER_ARITY_GLOBAL_RAMSEY_SPECTRUM_DRAFT.txt	outputs/BPI_RPP_five_hour_research/HIGHER_ARITY_GLOBAL_RAMSEY_SPECTRUM_DRAFT.txt	9e590f5783740e026bd75876c0f5318d53b537b9d5fd94fb45a5e75df0b9b0b0	9e590f5783740e026bd75876c0f5318d53b537b9d5fd94fb45a5e75df0b9b0b0	unchanged
evidence/original_model/HIGHER_ARITY_ROOT_INDEPENDENT_AUDIT.txt	outputs/BPI_RPP_five_hour_research/HIGHER_ARITY_ROOT_INDEPENDENT_AUDIT.txt	603a861b626b19bd23895f64ec52f2af5d21a36bc5a69be475da22c87a6d8b50	603a861b626b19bd23895f64ec52f2af5d21a36bc5a69be475da22c87a6d8b50	unchanged
evidence/original_model/HIGHER_DEPENDENT_CHOICE_OBSTRUCTION.txt	outputs/BPI_RPP_five_hour_research/HIGHER_DEPENDENT_CHOICE_OBSTRUCTION.txt	563df7cdc39a788453df4c4d0d62fdb8b6e680ca449670abd762ab108ee308c1	563df7cdc39a788453df4c4d0d62fdb8b6e680ca449670abd762ab108ee308c1	unchanged
evidence/original_model/HIGH_FORCING_PRESERVATION_INDEPENDENT_AUDIT.txt	outputs/BPI_RPP_five_hour_research/HIGH_FORCING_PRESERVATION_INDEPENDENT_AUDIT.txt	3b3c5f90afd80477c9ffd6bf2141a84982014b7e72329e066bcc943c7d01d783	3b3c5f90afd80477c9ffd6bf2141a84982014b7e72329e066bcc943c7d01d783	unchanged
evidence/original_model/HOWARD_RUBIN_CATALOGUE_AUDIT.txt	outputs/BPI_RPP_five_hour_research/HOWARD_RUBIN_CATALOGUE_AUDIT.txt	92bafe6c5ab2171f7165914399502d8e393e2ffda90af9582c87e0899f8d78b9	92bafe6c5ab2171f7165914399502d8e393e2ffda90af9582c87e0899f8d78b9	unchanged
evidence/original_model/INDEPENDENT_AUDIT_SIX_CYCLE_OEP_FAILURE.txt	outputs/BPI_RPP_five_hour_research/INDEPENDENT_AUDIT_SIX_CYCLE_OEP_FAILURE.txt	9a0d870b1f3ccde0f8efcab24803d7f09927e5d6019da13d9e2189517d798552	9a0d870b1f3ccde0f8efcab24803d7f09927e5d6019da13d9e2189517d798552	unchanged
evidence/original_model/KAPPA_LIFT_INDEPENDENT_AUDIT.txt	outputs/BPI_RPP_five_hour_research/KAPPA_LIFT_INDEPENDENT_AUDIT.txt	3896a375b1817b29fca10fbcbfadb1c36baa8473540f1750a08a1bbbb1b237a3	3896a375b1817b29fca10fbcbfadb1c36baa8473540f1750a08a1bbbb1b237a3	unchanged
evidence/original_model/KAPPA_PARAMETER_LIFT_AUDIT.txt	outputs/BPI_RPP_five_hour_research/KAPPA_PARAMETER_LIFT_AUDIT.txt	bab11c05d76b82874992f79b979dc813c77763387540e9b046c32f65cf435912	bab11c05d76b82874992f79b979dc813c77763387540e9b046c32f65cf435912	unchanged
evidence/original_model/KWP1_ICF_HCF_ELEMENTARY_COLLAPSE.txt	outputs/BPI_RPP_five_hour_research/KWP1_ICF_HCF_ELEMENTARY_COLLAPSE.txt	2da994897185029219b12558c22c004dfd795e1c4aa59ed09a132673dd9093d1	2da994897185029219b12558c22c004dfd795e1c4aa59ed09a132673dd9093d1	unchanged
evidence/original_model/LARGER_MU_AND_KAPPA_PARAMETER_AUDIT.txt	outputs/BPI_RPP_five_hour_research/LARGER_MU_AND_KAPPA_PARAMETER_AUDIT.txt	6dfa350d3aa44196660039d38428535481405cffd2d92c16e186c882a7e0dba9	6dfa350d3aa44196660039d38428535481405cffd2d92c16e186c882a7e0dba9	unchanged
evidence/original_model/LARGER_MU_SECOND_INDEPENDENT_AUDIT.txt	outputs/BPI_RPP_five_hour_research/LARGER_MU_SECOND_INDEPENDENT_AUDIT.txt	1285dea806cd681a63f5def7ecdb6758c257c1d27d0c2245b9a47b5293ee54d6	1285dea806cd681a63f5def7ecdb6758c257c1d27d0c2245b9a47b5293ee54d6	unchanged
evidence/original_model/LINEAR_ORDER_COINITIALITY_BOUNDARY.txt	outputs/BPI_RPP_five_hour_research/LINEAR_ORDER_COINITIALITY_BOUNDARY.txt	269df2ca6ae8d9ca84084ff894deac6315c01e1985bb28a599e0589f9d035c4a	269df2ca6ae8d9ca84084ff894deac6315c01e1985bb28a599e0589f9d035c4a	unchanged
evidence/original_model/LOCAL_REAL_FIELDS_INDEPENDENT_AUDIT.txt	outputs/BPI_RPP_five_hour_research/LOCAL_REAL_FIELDS_INDEPENDENT_AUDIT.txt	73f7328fe5cea4beaf0ce415730eae1f9b56f51ef1e22ac83cf202c75f5ad8c4	73f7328fe5cea4beaf0ce415730eae1f9b56f51ef1e22ac83cf202c75f5ad8c4	unchanged
evidence/original_model/LOCAL_REAL_FIELDS_REFLECT_NATIVE_ORDER.txt	outputs/BPI_RPP_five_hour_research/LOCAL_REAL_FIELDS_REFLECT_NATIVE_ORDER.txt	78f694c3d80e6012d057419440843d54620544e8ad325305ca2b132f4ef85d2f	78f694c3d80e6012d057419440843d54620544e8ad325305ca2b132f4ef85d2f	unchanged
evidence/original_model/LOCAL_ZFC_REAL_COVERS_AND_ORDINAL_LOCALIZATION_AUDIT.txt	outputs/BPI_RPP_five_hour_research/LOCAL_ZFC_REAL_COVERS_AND_ORDINAL_LOCALIZATION_AUDIT.txt	22c3f25cae02cb47f95455714bd4471eeaa5b4a61de0e5e5581abcb04376801b	22c3f25cae02cb47f95455714bd4471eeaa5b4a61de0e5e5581abcb04376801b	unchanged
evidence/original_model/NATIVE_OEP_BPI_NOVELTY_AUDIT.txt	outputs/BPI_RPP_five_hour_research/NATIVE_OEP_BPI_NOVELTY_AUDIT.txt	d62c773cf7d68cc79c5e6e2f14dced7d684c3d2f26581b29e9a8d80634d67acf	d62c773cf7d68cc79c5e6e2f14dced7d684c3d2f26581b29e9a8d80634d67acf	unchanged
evidence/original_model/NATIVE_ORDER_EXTENSION_SIX_CYCLE_PROOF.txt	outputs/BPI_RPP_five_hour_research/NATIVE_ORDER_EXTENSION_SIX_CYCLE_PROOF.txt	d4612179f2f4bdc3766a3fd07c4359c3b14cd413595d9d66228ca8e13a411de0	d4612179f2f4bdc3766a3fd07c4359c3b14cd413595d9d66228ca8e13a411de0	unchanged
evidence/original_model/NEW_AVAILABILITY_IDEALS_REAL_CODE_BOUND.txt	outputs/BPI_RPP_five_hour_research/NEW_AVAILABILITY_IDEALS_REAL_CODE_BOUND.txt	c4989759a8e24242558490e5c60baa1192fececcae507a6e55e5f655abc1b0cb	c4989759a8e24242558490e5c60baa1192fececcae507a6e55e5f655abc1b0cb	unchanged
evidence/original_model/NEW_MODEL_KWP_OP_FINITE_CHOICE_BOUNDARY.txt	outputs/BPI_RPP_five_hour_research/NEW_MODEL_KWP_OP_FINITE_CHOICE_BOUNDARY.txt	bc1abadc98d2a4f5cd4f620fa115bff3846880473b8a73c484c06b1c63280cab	bc1abadc98d2a4f5cd4f620fa115bff3846880473b8a73c484c06b1c63280cab	unchanged
evidence/original_model/NO_GCH_HOMOGENEOUS_BOUND_RECHECK.txt	outputs/BPI_RPP_five_hour_research/NO_GCH_HOMOGENEOUS_BOUND_RECHECK.txt	3078bd7fdfe2ee1d16334b7bdf91f2f996b24f401a84c2dc4ab1432b489abf16	3078bd7fdfe2ee1d16334b7bdf91f2f996b24f401a84c2dc4ab1432b489abf16	unchanged
evidence/original_model/OLD_CARDINAL_COMPARISONS_AND_RELATIVE_FINITE_BASIS.txt	outputs/BPI_RPP_five_hour_research/OLD_CARDINAL_COMPARISONS_AND_RELATIVE_FINITE_BASIS.txt	8bd38f336dce78940bd19cdbbba49359f7b868258dd38721752468430b049aa7	8bd38f336dce78940bd19cdbbba49359f7b868258dd38721752468430b049aa7	unchanged
evidence/original_model/OLD_SURJECTIVE_COMPARISONS_AND_RELATIVE_PP.txt	outputs/BPI_RPP_five_hour_research/OLD_SURJECTIVE_COMPARISONS_AND_RELATIVE_PP.txt	d55bbb05a86bf7e9d927fe9be442a0ead98bad49dbad0a1e09f1e9f7c2379c5e	d55bbb05a86bf7e9d927fe9be442a0ead98bad49dbad0a1e09f1e9f7c2379c5e	unchanged
evidence/original_model/ORDERED_AMALGAMATION_DEPENDENCY_AND_PROFILE_OBSTRUCTION.txt	outputs/BPI_RPP_five_hour_research/ORDERED_AMALGAMATION_DEPENDENCY_AND_PROFILE_OBSTRUCTION.txt	887377865dd249752e2e981d63196c28274357d14e8575a607372463b490315f	887377865dd249752e2e981d63196c28274357d14e8575a607372463b490315f	unchanged
evidence/original_model/ORDERED_SUBGROUP_CUT_QUOTIENT_OBSTRUCTION.txt	outputs/BPI_RPP_five_hour_research/ORDERED_SUBGROUP_CUT_QUOTIENT_OBSTRUCTION.txt	b76999ec6b868e6009a5653ab7c3f95867c8a5f52126453e07439deb3c763e2b	b76999ec6b868e6009a5653ab7c3f95867c8a5f52126453e07439deb3c763e2b	unchanged
evidence/original_model/ORDER_DECORATED_FORCING_INDEPENDENT_AUDIT.txt	outputs/BPI_RPP_five_hour_research/ORDER_DECORATED_FORCING_INDEPENDENT_AUDIT.txt	fa80e47b461022412a0b2b575a774e528ea1cadd497cf532b86ad5e1b4a4a964	fa80e47b461022412a0b2b575a774e528ea1cadd497cf532b86ad5e1b4a4a964	unchanged
evidence/original_model/ORDER_OBSTRUCTION_BOOLEAN_ALGEBRA_AND_FINE_FORCING.txt	outputs/BPI_RPP_five_hour_research/ORDER_OBSTRUCTION_BOOLEAN_ALGEBRA_AND_FINE_FORCING.txt	aceea39d08c041c6633c0d9aa6bf11549a6755370aee162a025030b617528a62	aceea39d08c041c6633c0d9aa6bf11549a6755370aee162a025030b617528a62	unchanged
evidence/original_model/ORDER_PALETTE_ROOT_AUDIT.txt	outputs/BPI_RPP_five_hour_research/ORDER_PALETTE_ROOT_AUDIT.txt	78775f8e74cf4380bd869668eaf9624198194bb3b5fb7b5f800bdebf3f48fac4	78775f8e74cf4380bd869668eaf9624198194bb3b5fb7b5f800bdebf3f48fac4	unchanged
evidence/original_model/ORDER_REPAIR_ROOT_AUDIT.txt	outputs/BPI_RPP_five_hour_research/ORDER_REPAIR_ROOT_AUDIT.txt	e93d2e5a8e73351e5392db4249c1fd3170adb87cd6542072d3cbb7fc03fbb7b4	e93d2e5a8e73351e5392db4249c1fd3170adb87cd6542072d3cbb7fc03fbb7b4	unchanged
evidence/original_model/ORDINAL_ABSORPTION_AND_FINE_FILTER_UNIFORMITY.txt	outputs/BPI_RPP_five_hour_research/ORDINAL_ABSORPTION_AND_FINE_FILTER_UNIFORMITY.txt	600cc14e9da991855dbb82d42f6c68267d2fb8e44f5c27f0d87be59971ea56e9	600cc14e9da991855dbb82d42f6c68267d2fb8e44f5c27f0d87be59971ea56e9	unchanged
evidence/original_model/POSITIVE_BPI_ROUTE_FINITE_ORDER_FORCING_BOUNDARY.txt	outputs/BPI_RPP_five_hour_research/POSITIVE_BPI_ROUTE_FINITE_ORDER_FORCING_BOUNDARY.txt	60c3476828a8c66b1e95dcb89b1c60d733c2ef4f09f9eadc7a1920a503555540	60c3476828a8c66b1e95dcb89b1c60d733c2ef4f09f9eadc7a1920a503555540	unchanged
evidence/original_model/POWER_SET_COMPARABILITY_CANCELLATION_LITERATURE_AUDIT.txt	outputs/BPI_RPP_five_hour_research/POWER_SET_COMPARABILITY_CANCELLATION_LITERATURE_AUDIT.txt	00439dd431379fa9cf1b987dba44aa2d4fae654f88c141eee06fe4dda600a4b4	00439dd431379fa9cf1b987dba44aa2d4fae654f88c141eee06fe4dda600a4b4	unchanged
evidence/original_model/RAMSEY_AND_FINITE_BASIS_ROOT_AUDIT.txt	outputs/BPI_RPP_five_hour_research/RAMSEY_AND_FINITE_BASIS_ROOT_AUDIT.txt	c3ab19d1c136f424c6b8f8abfab3f4ba5309fa72cf24897757e4f804d2efee58	c3ab19d1c136f424c6b8f8abfab3f4ba5309fa72cf24897757e4f804d2efee58	unchanged
evidence/original_model/REAL_HARTOGS_AC_WO_PRIMARY_COMPARISON_2026_10_07.txt	outputs/BPI_RPP_five_hour_research/REAL_HARTOGS_AC_WO_PRIMARY_COMPARISON_2026_10_07.txt	e28c59aec6204f54ba48c85326c1f6ee8215c58d2e70c79c490723958b31429e	e28c59aec6204f54ba48c85326c1f6ee8215c58d2e70c79c490723958b31429e	unchanged
evidence/original_model/REAL_TO_LABEL_INJECTION_CHART_LOCALITY_AUDIT.txt	outputs/BPI_RPP_five_hour_research/REAL_TO_LABEL_INJECTION_CHART_LOCALITY_AUDIT.txt	a4f58dd9129c5c2515b717fb24aab7564c32a73bea6bc7671a03bd96f188ee31	a4f58dd9129c5c2515b717fb24aab7564c32a73bea6bc7671a03bd96f188ee31	unchanged
evidence/original_model/RESTRICTED_ORDER_PALETTES_AND_UNIVERSAL_LIFTING.txt	outputs/BPI_RPP_five_hour_research/RESTRICTED_ORDER_PALETTES_AND_UNIVERSAL_LIFTING.txt	acc8bec9b1ef5983a640e22ee4f1bcde3d6f767de400e610f7e045ebead7f258	acc8bec9b1ef5983a640e22ee4f1bcde3d6f767de400e610f7e045ebead7f258	unchanged
evidence/original_model/RPP_AND_STRENGTHS_PHASE1.txt	outputs/BPI_RPP_five_hour_research/RPP_AND_STRENGTHS_PHASE1.txt	332cbbe6dac3cf215bfa23c3b351f10cda920ace86e8f750a9909a041f780d9d	332cbbe6dac3cf215bfa23c3b351f10cda920ace86e8f750a9909a041f780d9d	unchanged
evidence/original_model/SIX_CYCLE_LEAN_SCOPE.txt	outputs/BPI_RPP_five_hour_research/SIX_CYCLE_LEAN_SCOPE.txt	d91d9c9decf68e94208353ce7c93e2470267ec028c92d7c908d7636e79219754	d91d9c9decf68e94208353ce7c93e2470267ec028c92d7c908d7636e79219754	unchanged
evidence/original_model/STRONG_RAMSEY_COUNTEREXAMPLE_DRAFT.txt	outputs/BPI_RPP_five_hour_research/STRONG_RAMSEY_COUNTEREXAMPLE_DRAFT.txt	35b3d61a43623c34bed5b1bed541c679134066bcb6e642b82416962003dab2f5	35b3d61a43623c34bed5b1bed541c679134066bcb6e642b82416962003dab2f5	unchanged
evidence/original_model/STRUCTURAL_BPI_PHASE1.txt	outputs/BPI_RPP_five_hour_research/STRUCTURAL_BPI_PHASE1.txt	8471ecb248ef1e7457987d8ef0ae608dbcc9624d3456ebec6a1867da4a31dcb9	8471ecb248ef1e7457987d8ef0ae608dbcc9624d3456ebec6a1867da4a31dcb9	unchanged
evidence/original_model/SYMMETRIC_FILTER_PHASE1.txt	outputs/BPI_RPP_five_hour_research/SYMMETRIC_FILTER_PHASE1.txt	3650e7074aec8477047e56b9e06041dfbda5d0b69f0b342ba6de672a566e3ac0	3650e7074aec8477047e56b9e06041dfbda5d0b69f0b342ba6de672a566e3ac0	unchanged
evidence/original_model/SYMMETRIC_FILTER_PHASE2.txt	outputs/BPI_RPP_five_hour_research/SYMMETRIC_FILTER_PHASE2.txt	20a7f2b2a2649ab503379da3099b03141909f2811f540a724fb64fff72fd04f3	20a7f2b2a2649ab503379da3099b03141909f2811f540a724fb64fff72fd04f3	unchanged
evidence/original_model/SYMMETRIC_FILTER_PHASE3.txt	outputs/BPI_RPP_five_hour_research/SYMMETRIC_FILTER_PHASE3.txt	ee2ada459966ccc1026520cb830a34154de3352494cfdd80b4f91479735301a2	ee2ada459966ccc1026520cb830a34154de3352494cfdd80b4f91479735301a2	unchanged
evidence/original_model/SYMMETRIC_FILTER_PHASE4_LARGE_I.txt	outputs/BPI_RPP_five_hour_research/SYMMETRIC_FILTER_PHASE4_LARGE_I.txt	5ee3a4c3b7d536f26250ae1571b48c00ae5ad69cbf1555da867cdd16f1d28f38	5ee3a4c3b7d536f26250ae1571b48c00ae5ad69cbf1555da867cdd16f1d28f38	unchanged
evidence/original_model/SixCycleAudit.lean	outputs/BPI_RPP_five_hour_research/SixCycleAudit.lean	2b19c1600a469d7cd766e1f97af7466aec802dad91fcccd5404f80200a3b0924	2b19c1600a469d7cd766e1f97af7466aec802dad91fcccd5404f80200a3b0924	unchanged
evidence/original_model/TRUSS_QUOTIENT_COMPARISON_AFTER_ORDER_FORCING.txt	outputs/BPI_RPP_five_hour_research/TRUSS_QUOTIENT_COMPARISON_AFTER_ORDER_FORCING.txt	2457abd092015a809761a7c4198deaca594ba87a8341eda67b8ad5328ac395cd	2457abd092015a809761a7c4198deaca594ba87a8341eda67b8ad5328ac395cd	unchanged
evidence/original_model/T_ACTION_FIBERS_AND_SQUARE_COEFFICIENT_DRAFT.txt	outputs/BPI_RPP_five_hour_research/T_ACTION_FIBERS_AND_SQUARE_COEFFICIENT_DRAFT.txt	cd3a3ad85e3ad5730061291660a69e58635b44da6773e539afc3d7e0dbe4c76c	cd3a3ad85e3ad5730061291660a69e58635b44da6773e539afc3d7e0dbe4c76c	unchanged
evidence/original_model/T_ACTION_INDEPENDENT_AUDIT_AND_DC_OMEGA1.txt	outputs/BPI_RPP_five_hour_research/T_ACTION_INDEPENDENT_AUDIT_AND_DC_OMEGA1.txt	7d39481273072ec8aee0918f965f851fa0c88718376bf2f8e7b6d4152378f1ef	7d39481273072ec8aee0918f965f851fa0c88718376bf2f8e7b6d4152378f1ef	unchanged
evidence/original_model/ULTRAPRODUCT_AND_QUOTIENT_OBSTRUCTIONS.txt	outputs/BPI_RPP_five_hour_research/ULTRAPRODUCT_AND_QUOTIENT_OBSTRUCTIONS.txt	305a90382bdbaf5d4f5180a63e32620db2a8c82a1c54174668e1b7dd12a75922	305a90382bdbaf5d4f5180a63e32620db2a8c82a1c54174668e1b7dd12a75922	unchanged
evidence/earlier_FM/ACTION_CATEGORY_RESIDUAL_GROUP_AUDIT.txt	outputs/PP_NDS_research/ACTION_CATEGORY_RESIDUAL_GROUP_AUDIT.txt	c5678555edd80484c7df6a55776c3dbef1c55b9c9eb159c62db15c27387f5f47	c5678555edd80484c7df6a55776c3dbef1c55b9c9eb159c62db15c27387f5f47	unchanged
evidence/earlier_FM/ANCESTOR_SURJECTION_PP_COUNTEREXAMPLE.txt	outputs/PP_NDS_research/ANCESTOR_SURJECTION_PP_COUNTEREXAMPLE.txt	1b8a36a38325f40e04bbd72e2babf400fde2531f58aaec6a195fed2e9f3977e7	1b8a36a38325f40e04bbd72e2babf400fde2531f58aaec6a195fed2e9f3977e7	unchanged
evidence/earlier_FM/ANCHORED_FLAT_ACT_CODES.txt	outputs/PP_NDS_research/ANCHORED_FLAT_ACT_CODES.txt	74fb7a242caa8523f38df1807e3312bf7ce1b54083e4477b9f694b5942dc9500	74fb7a242caa8523f38df1807e3312bf7ce1b54083e4477b9f694b5942dc9500	unchanged
evidence/earlier_FM/ANCHORED_FLAT_ACT_INDEPENDENT_AUDIT.txt	outputs/PP_NDS_research/ANCHORED_FLAT_ACT_INDEPENDENT_AUDIT.txt	a857a1d9f9d7f761eecfa709e965f441e1e27bd089339ce4a21f278866126688	a857a1d9f9d7f761eecfa709e965f441e1e27bd089339ce4a21f278866126688	unchanged
evidence/earlier_FM/ATOM_SUBSET_DICHOTOMY_AND_RESTRICTED_PP.txt	outputs/PP_NDS_research/ATOM_SUBSET_DICHOTOMY_AND_RESTRICTED_PP.txt	a08638e1764588a6f46b4fef2013037afd137ea6b005cf11ba27621bb2e5f598	a08638e1764588a6f46b4fef2013037afd137ea6b005cf11ba27621bb2e5f598	unchanged
evidence/earlier_FM/BOUNDED_INJECTION_MODEL_PP_AND_NDS_FAILURES.txt	outputs/PP_NDS_research/BOUNDED_INJECTION_MODEL_PP_AND_NDS_FAILURES.txt	9cc8a2e29c2e593ce36d8ca60597d95206fff5d34ab7b86c0a6bdec7d9ab7fe3	9cc8a2e29c2e593ce36d8ca60597d95206fff5d34ab7b86c0a6bdec7d9ab7fe3	unchanged
evidence/earlier_FM/COHERENT_COUNTABLE_CODES_AND_CAPACITY_OBSTRUCTION.txt	outputs/PP_NDS_research/COHERENT_COUNTABLE_CODES_AND_CAPACITY_OBSTRUCTION.txt	27dfb855e13c5037e0daa67368b410b9010f254ca5c7d05e9f763bd49f6d0fce	27dfb855e13c5037e0daa67368b410b9010f254ca5c7d05e9f763bd49f6d0fce	unchanged
evidence/earlier_FM/COHERENT_COUNTABLE_CODES_INDEPENDENT_AUDIT.txt	outputs/PP_NDS_research/COHERENT_COUNTABLE_CODES_INDEPENDENT_AUDIT.txt	09488d21d9a3c94b1742d555b1917d2f494b88a661bb2f7a33186fa908b5a083	09488d21d9a3c94b1742d555b1917d2f494b88a661bb2f7a33186fa908b5a083	unchanged
evidence/earlier_FM/COHERENT_FINITE_ARITY_CODING_AND_PRIME_OBSTRUCTION.txt	outputs/PP_NDS_research/COHERENT_FINITE_ARITY_CODING_AND_PRIME_OBSTRUCTION.txt	6c6030474bc452632de2cb7d42e6f8d993d1d139594eb6dfe1de4d9c7e37f997	6c6030474bc452632de2cb7d42e6f8d993d1d139594eb6dfe1de4d9c7e37f997	unchanged
evidence/earlier_FM/COHERENT_UNORDERED_PAIRING_INDEPENDENT_AUDIT.txt	outputs/PP_NDS_research/COHERENT_UNORDERED_PAIRING_INDEPENDENT_AUDIT.txt	b72d074b1ea05e455a61883f431bf6fb6c2871ac103778f30f66fece35e5a211	b72d074b1ea05e455a61883f431bf6fb6c2871ac103778f30f66fece35e5a211	unchanged
evidence/earlier_FM/COMMON_COMPRESSION_DENSITY_AND_SUBGROUP_BOUNDS.txt	outputs/PP_NDS_research/COMMON_COMPRESSION_DENSITY_AND_SUBGROUP_BOUNDS.txt	259c6fb5d3bee2459882425aeae639e505a8e0c484cff2f840c1ddcf82b6eea5	259c6fb5d3bee2459882425aeae639e505a8e0c484cff2f840c1ddcf82b6eea5	unchanged
evidence/earlier_FM/COUNTABLE_AND_HIGHER_ARITY_NDS_INDEPENDENT_AUDIT.txt	outputs/PP_NDS_research/COUNTABLE_AND_HIGHER_ARITY_NDS_INDEPENDENT_AUDIT.txt	69ef5a1806c431fc2a957dba777afbea96bd54dc1a26ac2b31b12c2b4ec048f4	69ef5a1806c431fc2a957dba777afbea96bd54dc1a26ac2b31b12c2b4ec048f4	unchanged
evidence/earlier_FM/COUNTABLE_FIBER_PP.txt	outputs/PP_NDS_research/COUNTABLE_FIBER_PP.txt	ffb3fbf5b22069fb1b8fc274fa80a769fdf30852d5589da235e45eab46a29209	ffb3fbf5b22069fb1b8fc274fa80a769fdf30852d5589da235e45eab46a29209	unchanged
evidence/earlier_FM/COUNTABLE_SUBFIELD_SUPPORT_PP_OBSTRUCTION.txt	outputs/PP_NDS_research/COUNTABLE_SUBFIELD_SUPPORT_PP_OBSTRUCTION.txt	88cf9a62b3d5bc937305bc249b470011baa342302fe2d0440dd14b6769c4f7ee	88cf9a62b3d5bc937305bc249b470011baa342302fe2d0440dd14b6769c4f7ee	unchanged
evidence/earlier_FM/DENSE_SUBGROUP_INTERVAL_INDEPENDENT_AUDIT.txt	outputs/PP_NDS_research/DENSE_SUBGROUP_INTERVAL_INDEPENDENT_AUDIT.txt	d45e2a8da4e7f28ededcfc06553c5c5f721f8c51f8f6d6157a88e4624db092a8	d45e2a8da4e7f28ededcfc06553c5c5f721f8c51f8f6d6157a88e4624db092a8	unchanged
evidence/earlier_FM/FINAL_QUOTIENT_SCHEDULING_OBLIGATION.txt	outputs/PP_NDS_research/FINAL_QUOTIENT_SCHEDULING_OBLIGATION.txt	23228be49922f35c668ab542146416263a7f5031c3ca88d4d6c05d39cc69b5d1	23228be49922f35c668ab542146416263a7f5031c3ca88d4d6c05d39cc69b5d1	unchanged
evidence/earlier_FM/FINITE_CARRIER_CANONICAL_QUOTIENT_OBSTRUCTION.txt	outputs/PP_NDS_research/FINITE_CARRIER_CANONICAL_QUOTIENT_OBSTRUCTION.txt	02e9492bc49b920b58543c39047d804ca291530acb873b07fb7f54dd0a0a5f93	02e9492bc49b920b58543c39047d804ca291530acb873b07fb7f54dd0a0a5f93	unchanged
evidence/earlier_FM/FINITE_CONFIGURATION_CODES.txt	outputs/PP_NDS_research/FINITE_CONFIGURATION_CODES.txt	5dd753b715bc0c5935ef2b3ee8710eb98fe5da0f546ae4060aa3c1e0f78e1509	5dd753b715bc0c5935ef2b3ee8710eb98fe5da0f546ae4060aa3c1e0f78e1509	unchanged
evidence/earlier_FM/FINITE_PROTOTYPE_LOCAL_CAPACITY_OBSTRUCTION.txt	outputs/PP_NDS_research/FINITE_PROTOTYPE_LOCAL_CAPACITY_OBSTRUCTION.txt	af05d86b6c128e05b6e698da6ae41a654bded131fb113865bdea282912f9d566	af05d86b6c128e05b6e698da6ae41a654bded131fb113865bdea282912f9d566	unchanged
evidence/earlier_FM/FIXED_INFINITE_ARITY_NDS_OBSTRUCTION.txt	outputs/PP_NDS_research/FIXED_INFINITE_ARITY_NDS_OBSTRUCTION.txt	95a5b8c7118c9cd4201448dd9ba0102f56905e4feaee6218eb9a7e90235b6e33	95a5b8c7118c9cd4201448dd9ba0102f56905e4feaee6218eb9a7e90235b6e33	unchanged
evidence/earlier_FM/FREE_PERIODIC_GERM_ACTS_PP_OBSTRUCTION.txt	outputs/PP_NDS_research/FREE_PERIODIC_GERM_ACTS_PP_OBSTRUCTION.txt	2ce6c142c0ec6906c92e984bd03a290a2b5e604f10e5b7f5c75c97f5bf8e860f	2ce6c142c0ec6906c92e984bd03a290a2b5e604f10e5b7f5c75c97f5bf8e860f	unchanged
evidence/earlier_FM/FULL_FIELD_DENSE_CUT_INDEPENDENT_AUDIT.txt	outputs/PP_NDS_research/FULL_FIELD_DENSE_CUT_INDEPENDENT_AUDIT.txt	e6541d082818afd84df81b9ab4d49b6ecea2daf125564cc227d831ba3abcfc58	e6541d082818afd84df81b9ab4d49b6ecea2daf125564cc227d831ba3abcfc58	unchanged
evidence/earlier_FM/FULL_FIELD_DENSE_CUT_PP_COUNTEREXAMPLE.txt	outputs/PP_NDS_research/FULL_FIELD_DENSE_CUT_PP_COUNTEREXAMPLE.txt	898035c6821c2c65a08511df020c3148738f1bb2fb606b491862b488ecbe56ef	898035c6821c2c65a08511df020c3148738f1bb2fb606b491862b488ecbe56ef	unchanged
evidence/earlier_FM/FULL_FIELD_GROUP_WEAK_CHOICE_AUDIT.txt	outputs/PP_NDS_research/FULL_FIELD_GROUP_WEAK_CHOICE_AUDIT.txt	d74aff2ff38dd05635ad39de2c0e1598fed4fd46fb82232001308dda8ea7a305	d74aff2ff38dd05635ad39de2c0e1598fed4fd46fb82232001308dda8ea7a305	unchanged
evidence/earlier_FM/FULL_FIELD_LONG_CHAIN_TRANSFER_LIMIT.txt	outputs/PP_NDS_research/FULL_FIELD_LONG_CHAIN_TRANSFER_LIMIT.txt	46ef9bcf91e2a6c5fde1e3f1534307ea677ef06546cdd93c179c43422726a686	46ef9bcf91e2a6c5fde1e3f1534307ea677ef06546cdd93c179c43422726a686	unchanged
evidence/earlier_FM/HIDDEN_PRIME_COVER_NDS_OBSTRUCTION.txt	outputs/PP_NDS_research/HIDDEN_PRIME_COVER_NDS_OBSTRUCTION.txt	8f37b094a63d45d218766971b3ea29d7d9ffef4bee6912a915b6951d8ba382d2	8f37b094a63d45d218766971b3ea29d7d9ffef4bee6912a915b6951d8ba382d2	unchanged
evidence/earlier_FM/HNN_INDEPENDENT_AUDIT_AND_NDS_FAILURE.txt	outputs/PP_NDS_research/HNN_INDEPENDENT_AUDIT_AND_NDS_FAILURE.txt	4a6b0aea251758f03c05d22d746f4ff35adb4e00fc401326b210d47be23a9576	4a6b0aea251758f03c05d22d746f4ff35adb4e00fc401326b210d47be23a9576	unchanged
evidence/earlier_FM/HNN_RELATIVE_POINT_COMPLETENESS_EXAMPLE.txt	outputs/PP_NDS_research/HNN_RELATIVE_POINT_COMPLETENESS_EXAMPLE.txt	49af8a3169d139a92a20ea17ac6b6a1fd7a29c638a5104a7120be82a49200c71	49af8a3169d139a92a20ea17ac6b6a1fd7a29c638a5104a7120be82a49200c71	unchanged
evidence/earlier_FM/LARGE_BASE_SCF_ORTHOGONAL_TYPES_AUDIT.txt	outputs/PP_NDS_research/LARGE_BASE_SCF_ORTHOGONAL_TYPES_AUDIT.txt	e9a6f1c6cd5c2249abfdf31a09e9b83503139d3a4619fea18b250e687c944461	e9a6f1c6cd5c2249abfdf31a09e9b83503139d3a4619fea18b250e687c944461	unchanged
evidence/earlier_FM/LARGE_BASE_SCF_ORTHOGONAL_TYPES_OBSTRUCTION.txt	outputs/PP_NDS_research/LARGE_BASE_SCF_ORTHOGONAL_TYPES_OBSTRUCTION.txt	2e09c8af1f334c0cbe270a32f6dcb2fc92209fe5338c7e2a810433290fbda10b	2e09c8af1f334c0cbe270a32f6dcb2fc92209fe5338c7e2a810433290fbda10b	unchanged
evidence/earlier_FM/LARGE_GERM_SEED_CAPACITY_OBSTRUCTION.txt	outputs/PP_NDS_research/LARGE_GERM_SEED_CAPACITY_OBSTRUCTION.txt	c1fdc99b054881bbd00fc4cb74584e243974540fd18b3291d1c7251a85581cca	c1fdc99b054881bbd00fc4cb74584e243974540fd18b3291d1c7251a85581cca	unchanged
evidence/earlier_FM/LOCAL_MOTION_RIGIDITY_AND_QUOTIENT_OBSTRUCTIONS.txt	outputs/PP_NDS_research/LOCAL_MOTION_RIGIDITY_AND_QUOTIENT_OBSTRUCTIONS.txt	76d6065361c10d50a942e261a781ad935a19cf4902a23263e7937616016bd2de	76d6065361c10d50a942e261a781ad935a19cf4902a23263e7937616016bd2de	unchanged
evidence/earlier_FM/LONG_CHAIN_OBSTRUCTION_PRESERVATION.txt	outputs/PP_NDS_research/LONG_CHAIN_OBSTRUCTION_PRESERVATION.txt	de9977bb01a63b6b6d0749f73fddba9524bc2c675e49487975d7888c763b0c72	de9977bb01a63b6b6d0749f73fddba9524bc2c675e49487975d7888c763b0c72	unchanged
evidence/earlier_FM/MIXED_COMPLETION_INDEPENDENT_AUDIT.txt	outputs/PP_NDS_research/MIXED_COMPLETION_INDEPENDENT_AUDIT.txt	a13bf969613a3ee005a87a0f205ceefdd1778d2523086af3b50d183f47aee49b	a13bf969613a3ee005a87a0f205ceefdd1778d2523086af3b50d183f47aee49b	unchanged
evidence/earlier_FM/MIXED_COMPLETION_LONG_CHAIN_PP_COUNTEREXAMPLE.txt	outputs/PP_NDS_research/MIXED_COMPLETION_LONG_CHAIN_PP_COUNTEREXAMPLE.txt	23025a7e0f19697bd167ca7c1143e97d55bd0dc0007eea3329fffa2f437b3423	23025a7e0f19697bd167ca7c1143e97d55bd0dc0007eea3329fffa2f437b3423	unchanged
evidence/earlier_FM/NEAR_SYMMETRIC_GROUP_PP_NDS_FAILURES.txt	outputs/PP_NDS_research/NEAR_SYMMETRIC_GROUP_PP_NDS_FAILURES.txt	8988f910ffd3200594b7d6cdb584f5e3b45904c3e61e1a2b06bb3fcab2c95c6b	8988f910ffd3200594b7d6cdb584f5e3b45904c3e61e1a2b06bb3fcab2c95c6b	unchanged
evidence/earlier_FM/NONFREE_DIVISOR_INSERTION_CURRENT_LIMIT.txt	outputs/PP_NDS_research/NONFREE_DIVISOR_INSERTION_CURRENT_LIMIT.txt	fa4e75f379ad26447388029d81ceb9755024064ebdcb04f93745e037c9a5a321	fa4e75f379ad26447388029d81ceb9755024064ebdcb04f93745e037c9a5a321	unchanged
evidence/earlier_FM/NONOPEN_BASE_STABILIZER_LIFTING.txt	outputs/PP_NDS_research/NONOPEN_BASE_STABILIZER_LIFTING.txt	4d9ac16a0e8bb0ed69d55cb45dc7ddbf59aacc776a170fcf5530ad6953c535c2	4d9ac16a0e8bb0ed69d55cb45dc7ddbf59aacc776a170fcf5530ad6953c535c2	unchanged
evidence/earlier_FM/NO_SEPARABLE_OPEN_GROUP_INDEPENDENT_AUDIT.txt	outputs/PP_NDS_research/NO_SEPARABLE_OPEN_GROUP_INDEPENDENT_AUDIT.txt	95cdb2be4777fe89f0f94f3701be538e823199469558f6912c73849625e805c6	95cdb2be4777fe89f0f94f3701be538e823199469558f6912c73849625e805c6	unchanged
evidence/earlier_FM/NO_SEPARABLE_OPEN_GROUP_PP_THEOREM.txt	outputs/PP_NDS_research/NO_SEPARABLE_OPEN_GROUP_PP_THEOREM.txt	76e06132d20bc91cb46acd3eb0ccc30b83d36098a62a23daafd76dce201d9271	76e06132d20bc91cb46acd3eb0ccc30b83d36098a62a23daafd76dce201d9271	unchanged
evidence/earlier_FM/PROPER_SUFFIX_IMAGINARY_FLATNESS_OBSTRUCTION.txt	outputs/PP_NDS_research/PROPER_SUFFIX_IMAGINARY_FLATNESS_OBSTRUCTION.txt	47b6dd13b7eb98b20282b8f2750b41d6db5e5974825f73a92fe8078dafd6a879	47b6dd13b7eb98b20282b8f2750b41d6db5e5974825f73a92fe8078dafd6a879	unchanged
evidence/earlier_FM/PROPER_SUFFIX_RESIDUAL_PP_OBSTRUCTION.txt	outputs/PP_NDS_research/PROPER_SUFFIX_RESIDUAL_PP_OBSTRUCTION.txt	b80c7b16f00fdcc5f63cd7e137c4704d09189c89703a00b09f4d26eb6e268461	b80c7b16f00fdcc5f63cd7e137c4704d09189c89703a00b09f4d26eb6e268461	unchanged
evidence/earlier_FM/RAY_GROUP_EXPLICIT_PP_AND_NDS_FAILURES.txt	outputs/PP_NDS_research/RAY_GROUP_EXPLICIT_PP_AND_NDS_FAILURES.txt	975e372b99d3dd89e8feb426f828855f45bb624bb5b14dac856b9904dd1ae057	975e372b99d3dd89e8feb426f828855f45bb624bb5b14dac856b9904dd1ae057	unchanged
evidence/earlier_FM/RAY_GROUP_NDS_INDEPENDENT_AUDIT.txt	outputs/PP_NDS_research/RAY_GROUP_NDS_INDEPENDENT_AUDIT.txt	79c96e7bab93100c5de927db21868434b8129a13649a9bd1a357783016e29611	79c96e7bab93100c5de927db21868434b8129a13649a9bd1a357783016e29611	unchanged
evidence/earlier_FM/RELATIVE_POINT_COMPLETENESS_CRITERION.txt	outputs/PP_NDS_research/RELATIVE_POINT_COMPLETENESS_CRITERION.txt	c7860b84b8ea9d29a8557564004172677d3dde8262ce9af58d959eab24650db4	c7860b84b8ea9d29a8557564004172677d3dde8262ce9af58d959eab24650db4	unchanged
evidence/earlier_FM/RESTRICTED_AFFINE_INTERVAL_EXCHANGE_AUDIT.txt	outputs/PP_NDS_research/RESTRICTED_AFFINE_INTERVAL_EXCHANGE_AUDIT.txt	7a608065a0bf94fe5113341b5c676c44aec21407038b117a2fab64023e212d1f	7a608065a0bf94fe5113341b5c676c44aec21407038b117a2fab64023e212d1f	unchanged
evidence/earlier_FM/RESTRICTED_AFFINE_INTERVAL_EXCHANGE_COUNTEREXAMPLES.txt	outputs/PP_NDS_research/RESTRICTED_AFFINE_INTERVAL_EXCHANGE_COUNTEREXAMPLES.txt	827c9d2b258faba87aedfafa0c7f04aac4613268991b866ce2008689b45674ef	827c9d2b258faba87aedfafa0c7f04aac4613268991b866ce2008689b45674ef	unchanged
evidence/earlier_FM/SATURATED_MODELS_ORDER_INDISCERNIBLE_AUDIT.txt	outputs/PP_NDS_research/SATURATED_MODELS_ORDER_INDISCERNIBLE_AUDIT.txt	5ed61160699effd4d8d71fc4cd9b038215f3d079c98def4a9b5ede54e158a88f	5ed61160699effd4d8d71fc4cd9b038215f3d079c98def4a9b5ede54e158a88f	unchanged
evidence/earlier_FM/SATURATED_SCF_BINARY_PROFILE_COUNTEREXAMPLE.txt	outputs/PP_NDS_research/SATURATED_SCF_BINARY_PROFILE_COUNTEREXAMPLE.txt	7080d10c7d3b6c6163e2450a17d641131d021fca6a27bf8e5ff05f8d75cca3d4	7080d10c7d3b6c6163e2450a17d641131d021fca6a27bf8e5ff05f8d75cca3d4	unchanged
evidence/earlier_FM/SATURATED_SCF_FIXED_SUPPORT_BOUND_AUDIT.txt	outputs/PP_NDS_research/SATURATED_SCF_FIXED_SUPPORT_BOUND_AUDIT.txt	6b20a4e8f6070659afa40636afe42d5f85dd9a8f31aba8c2d555bea0204da7bf	6b20a4e8f6070659afa40636afe42d5f85dd9a8f31aba8c2d555bea0204da7bf	unchanged
evidence/earlier_FM/SATURATED_SCF_FIXED_SUPPORT_BOUND_NO_GO.txt	outputs/PP_NDS_research/SATURATED_SCF_FIXED_SUPPORT_BOUND_NO_GO.txt	041f7eeb12ef003f6bc51c10e14345a037f5e935bad7dfa96891579fc6e4d0a8	041f7eeb12ef003f6bc51c10e14345a037f5e935bad7dfa96891579fc6e4d0a8	unchanged
evidence/earlier_FM/SINGULAR_CODING_COLLAPSE_AND_REGULAR_COMPRESSION_FAILURE.txt	outputs/PP_NDS_research/SINGULAR_CODING_COLLAPSE_AND_REGULAR_COMPRESSION_FAILURE.txt	e36cf60a57b6cc410f3b18aa306c62484fe2bfef85fbc77bcf5da2f3a9b7ba76	e36cf60a57b6cc410f3b18aa306c62484fe2bfef85fbc77bcf5da2f3a9b7ba76	unchanged
evidence/earlier_FM/SMALL_SUBGROUP_LATTICE_REALIZATION_OBSTRUCTIONS.txt	outputs/PP_NDS_research/SMALL_SUBGROUP_LATTICE_REALIZATION_OBSTRUCTIONS.txt	e3ec5f200202931a76280a7423f71c9b7f2535342f2abb088bd2dee9d2065811	e3ec5f200202931a76280a7423f71c9b7f2535342f2abb088bd2dee9d2065811	unchanged
evidence/earlier_FM/SYMMETRIC_ABSORPTION_AND_DENSE_LIMIT_AUDIT.txt	outputs/PP_NDS_research/SYMMETRIC_ABSORPTION_AND_DENSE_LIMIT_AUDIT.txt	53ba143e0156a6120f536c16ef7ac1b2503eccfa15ac6b599e43c09e6f1e29bb	53ba143e0156a6120f536c16ef7ac1b2503eccfa15ac6b599e43c09e6f1e29bb	unchanged
evidence/earlier_FM/UNCOUNTABLE_BASE_KUMMER_OBSTRUCTION.txt	outputs/PP_NDS_research/UNCOUNTABLE_BASE_KUMMER_OBSTRUCTION.txt	ada0fd22c99c4b619c44a1d3d6eda0c887302c84275a60cd5e005a1eba4deaa9	ada0fd22c99c4b619c44a1d3d6eda0c887302c84275a60cd5e005a1eba4deaa9	unchanged
evidence/earlier_FM/UNIVERSAL_COSET_ATOM_ABSORPTION_STEP.txt	outputs/PP_NDS_research/UNIVERSAL_COSET_ATOM_ABSORPTION_STEP.txt	5e9de02d7a4365db6eabef092bc6973413f58f93cd045687d5b733a688c5f0d6	5e9de02d7a4365db6eabef092bc6973413f58f93cd045687d5b733a688c5f0d6	unchanged
evidence/earlier_FM/UNIVERSAL_COSET_ITERATION_DENSITY_OBSTRUCTION.txt	outputs/PP_NDS_research/UNIVERSAL_COSET_ITERATION_DENSITY_OBSTRUCTION.txt	631cd8894d86bcd1f48f8821d41306ba56b800fe798141bf43b1011ba9d173e6	631cd8894d86bcd1f48f8821d41306ba56b800fe798141bf43b1011ba9d173e6	unchanged
evidence/earlier_FM/UNIVERSAL_COSET_SMALL_COFINAL_LIMIT_NO_GO.txt	outputs/PP_NDS_research/UNIVERSAL_COSET_SMALL_COFINAL_LIMIT_NO_GO.txt	c23c598458eb2d298bd8850f2a3b6ca8b9a9cfdc6a8cf6b414a0a5d94eb37157	c23c598458eb2d298bd8850f2a3b6ca8b9a9cfdc6a8cf6b414a0a5d94eb37157	unchanged
evidence/earlier_FM/WHOLE_ACT_AUDIT_AND_ANCESTOR_REPAIR.txt	outputs/PP_NDS_research/WHOLE_ACT_AUDIT_AND_ANCESTOR_REPAIR.txt	6653f5fcd18a45b13b15d37f96869dfaf9e0f44877e6f8fb76f374f66cafbadb	6653f5fcd18a45b13b15d37f96869dfaf9e0f44877e6f8fb76f374f66cafbadb	unchanged
evidence/earlier_FM/WHOLE_ACT_RELATIVE_STABILIZER_THEOREM.txt	outputs/PP_NDS_research/WHOLE_ACT_RELATIVE_STABILIZER_THEOREM.txt	f78d1dbbfcc1ef1a3a8942210da4690af99d708b3f8085f2b9bf4f3140307fad	f78d1dbbfcc1ef1a3a8942210da4690af99d708b3f8085f2b9bf4f3140307fad	unchanged
evidence/earlier_FM/ZERO_SUFFIX_INDEPENDENT_AUDIT.txt	outputs/PP_NDS_research/ZERO_SUFFIX_INDEPENDENT_AUDIT.txt	478bccce3f831dad40ffacf520f91491aefdf0964ba4ee953e781570e0920f88	478bccce3f831dad40ffacf520f91491aefdf0964ba4ee953e781570e0920f88	unchanged
evidence/earlier_FM/ZERO_SUFFIX_RESIDUAL_REPAIR.txt	outputs/PP_NDS_research/ZERO_SUFFIX_RESIDUAL_REPAIR.txt	ee0c50097f3e4f3e7a978780ec04c45f47f9a70f1de32600e270558999d2aff0	ee0c50097f3e4f3e7a978780ec04c45f47f9a70f1de32600e270558999d2aff0	unchanged
evidence/finite_basis/ADDITIONAL_CARDINAL_ORDER_RESULTS.txt	outputs/Choice_principles_from_PP_model/ADDITIONAL_CARDINAL_ORDER_RESULTS.txt	2d2d4f0f9e44a26834dd5b62b67d0a37ae742bc618c3562abff486901090b4b4	2d2d4f0f9e44a26834dd5b62b67d0a37ae742bc618c3562abff486901090b4b4	unchanged
evidence/finite_basis/OpenAI_release_corollary_novelty_audit.txt	outputs/Choice_principles_from_PP_model/OpenAI_release_corollary_novelty_audit.txt	f0812d0778d1d1aa91529687785744b295cc0e709b916e94de63acfd7796330e	f0812d0778d1d1aa91529687785744b295cc0e709b916e94de63acfd7796330e	unchanged
evidence/finite_basis/PRIMARY_SOURCE_implication_status.txt	outputs/Choice_principles_from_PP_model/PRIMARY_SOURCE_implication_status.txt	baf620664364bbd8362712b88b78dee6e31ecd37f70fbb6061624f468c4301ff	baf620664364bbd8362712b88b78dee6e31ecd37f70fbb6061624f468c4301ff	unchanged
evidence/finite_basis/PROOFS_BPI_test_and_non_splitting_surjection.txt	outputs/Choice_principles_from_PP_model/PROOFS_BPI_test_and_non_splitting_surjection.txt	d9392a12e861e7581e3f4aa63f0c2dd06c5b04c387ffd35c9453e5cde2deeac4	d9392a12e861e7581e3f4aa63f0c2dd06c5b04c387ffd35c9453e5cde2deeac4	unchanged
evidence/finite_basis/PROOFS_additional_choice_and_finite_cardinal_basis.txt	outputs/Choice_principles_from_PP_model/PROOFS_additional_choice_and_finite_cardinal_basis.txt	74192797594619c83e9d92aea44a9687dc0239285f033a98e7060ace2d55a904	74192797594619c83e9d92aea44a9687dc0239285f033a98e7060ace2d55a904	unchanged
evidence/finite_basis/PROOFS_cardinal_lattice_and_power_roots.txt	outputs/Choice_principles_from_PP_model/PROOFS_cardinal_lattice_and_power_roots.txt	ecf40d3026ab1729ca398ffb654f28ff1de394a1bc5f3de8a661bbaa8de1d506	ecf40d3026ab1729ca398ffb654f28ff1de394a1bc5f3de8a661bbaa8de1d506	unchanged
evidence/finite_basis/PROOFS_comparability_and_additive_idempotence.txt	outputs/Choice_principles_from_PP_model/PROOFS_comparability_and_additive_idempotence.txt	0b1cd2473bc3cde568bb8ec891c30dd10c26e1beff8ad327f37e60abf25581cb	0b1cd2473bc3cde568bb8ec891c30dd10c26e1beff8ad327f37e60abf25581cb	unchanged
evidence/finite_basis/RESULTS_AND_OPEN_QUESTIONS.txt	outputs/Choice_principles_from_PP_model/RESULTS_AND_OPEN_QUESTIONS.txt	4cd4b068d6ecc003e5d8248e0e848c47b5e29d7e8b729cd640e2482bf6408a50	4cd4b068d6ecc003e5d8248e0e848c47b5e29d7e8b729cd640e2482bf6408a50	unchanged
evidence/finite_basis/finite_basis_and_NDS_independent_publication_audit.txt	outputs/Choice_principles_from_PP_model/finite_basis_and_NDS_independent_publication_audit.txt	3313001cd095a102cb7483a0c1d83087629c3d830c13aba8f0612a6caa97e83a	3313001cd095a102cb7483a0c1d83087629c3d830c13aba8f0612a6caa97e83a	unchanged
evidence/finite_basis/independent_cardinal_consequences_literature_audit.txt	outputs/Choice_principles_from_PP_model/independent_cardinal_consequences_literature_audit.txt	1ebc0e607ec5f7edcdb415d2bfbfd37b763cd5a9ac501b0456d23ecdb671f75c	1ebc0e607ec5f7edcdb415d2bfbfd37b763cd5a9ac501b0456d23ecdb671f75c	unchanged
evidence/source_verification/COMPLETION_AUDIT.txt	outputs/NDS_without_Choice/COMPLETION_AUDIT.txt	0fcbb8c12bb9ed4437ef3eedbf8eb31ffb176a228c107c1671d89ade8ec90fed	0fcbb8c12bb9ed4437ef3eedbf8eb31ffb176a228c107c1671d89ade8ec90fed	unchanged
evidence/source_verification/Lean_construction_check.txt	outputs/NDS_without_Choice/Lean_construction_check.txt	8b4ae25b0455877d6b573567ca25b187e16e9c18b0f7f477f2494f1273b61135	8b4ae25b0455877d6b573567ca25b187e16e9c18b0f7f477f2494f1273b61135	unchanged
evidence/source_verification/NDS_exact_definition_Howard_Tachtsis_audit.txt	outputs/NDS_without_Choice/NDS_exact_definition_Howard_Tachtsis_audit.txt	23b75cd770d0f06d557b07886a8366ce164b04f25ba58069760efd476c597c4b	23b75cd770d0f06d557b07886a8366ce164b04f25ba58069760efd476c597c4b	unchanged
evidence/source_verification/NDS_relative_consistency_bridge_audit.txt	outputs/NDS_without_Choice/NDS_relative_consistency_bridge_audit.txt	6e89620787883bab9753b0e1cf42a68932fbe1f1a51efd39c42a0b05c39ba40b	6e89620787883bab9753b0e1cf42a68932fbe1f1a51efd39c42a0b05c39ba40b	unchanged
evidence/source_verification/PROOF_STATUS.txt	outputs/NDS_without_Choice/PROOF_STATUS.txt	76c6926e6a15ca5bb7bf8a333db5ef743faedd4fcffd1c80371b749e8944609e	dbc924d7dac9ae623de7131c5e91c24d095f68dbd45d021af45244ef7bb8507f	path/usage cleanup only
evidence/source_verification/ZF_proof_of_NDS_from_the_strong_package.txt	outputs/NDS_without_Choice/ZF_proof_of_NDS_from_the_strong_package.txt	5c4db17a022ce9860a95879d35eff048ed1be053bd7d38c362128ca46301d596	5c4db17a022ce9860a95879d35eff048ed1be053bd7d38c362128ca46301d596	unchanged
evidence/source_verification/independent_NDS_audit.txt	outputs/NDS_without_Choice/independent_NDS_audit.txt	47a1a30a0df40026b76dd6e16fb0a132f85de3501ee306b8d3240a36fd3963f5	47a1a30a0df40026b76dd6e16fb0a132f85de3501ee306b8d3240a36fd3963f5	unchanged
evidence/source_verification/monoid_section2_independent_audit.txt	outputs/NDS_without_Choice/monoid_section2_independent_audit.txt	a7f5ede931a24979c8bd10c059362853cbb254db617ed28f9f5a2c89b28bb7cb	a7f5ede931a24979c8bd10c059362853cbb254db617ed28f9f5a2c89b28bb7cb	unchanged
evidence/source_verification/ordinary_FM_strong_package_constraints.txt	outputs/NDS_without_Choice/ordinary_FM_strong_package_constraints.txt	7dc8c39f4ec1b502b3638218db00da2620c040752371adbd7a28399ed79af650	7dc8c39f4ec1b502b3638218db00da2620c040752371adbd7a28399ed79af650	unchanged
evidence/source_verification/ordinary_FM_tail_obstruction_for_new_monoid.txt	outputs/NDS_without_Choice/ordinary_FM_tail_obstruction_for_new_monoid.txt	cc164c4b16a472699b2c4a6a6470e681efec2415f409841ca89912540feb2672	cc164c4b16a472699b2c4a6a6470e681efec2415f409841ca89912540feb2672	unchanged
evidence/source_verification/ordinary_FM_transfer_limits.txt	outputs/NDS_without_Choice/ordinary_FM_transfer_limits.txt	04d1ac9dcb236f71de5db7650d8dd31a514645f4e7bc11b795b728e4b382c81b	04d1ac9dcb236f71de5db7650d8dd31a514645f4e7bc11b795b728e4b382c81b	unchanged
evidence/publication_audits/CORE_MATHEMATICAL_AUDIT_2026-10-07.txt	outputs/Preliminary_cardinal_basis_paper_v0_2/CORE_MATHEMATICAL_AUDIT_2026-10-07.txt	6bf463eb343e0f75b45174c7d58af585ac6f8055b6378af1883d9af825d3797a	6bf463eb343e0f75b45174c7d58af585ac6f8055b6378af1883d9af825d3797a	unchanged
evidence/publication_audits/EARLIER_LITERATURE_SEARCH_2026-10-07.txt	outputs/Preliminary_cardinal_basis_paper_v0_2/EARLIER_LITERATURE_SEARCH_2026-10-07.txt	34a3797d1be2bea8fb4b6a4f4639d9fdc19ec2aa71c58c3cb30b0fdaba83f8e1	34a3797d1be2bea8fb4b6a4f4639d9fdc19ec2aa71c58c3cb30b0fdaba83f8e1	unchanged
evidence/publication_audits/LITERATURE_SEARCH_SUPPLEMENT_2026-10-07.txt	outputs/Preliminary_cardinal_basis_paper_v0_2/LITERATURE_SEARCH_SUPPLEMENT_2026-10-07.txt	203ab3d4bb39c45ae1ee6fd1709adc57b602e1d1e9f9bb4e380db5833b0b3446	203ab3d4bb39c45ae1ee6fd1709adc57b602e1d1e9f9bb4e380db5833b0b3446	unchanged
evidence/publication_audits/OPENAI_SOURCE_AUDIT_2026-10-07.txt	outputs/Preliminary_cardinal_basis_paper_v0_2/OPENAI_SOURCE_AUDIT_2026-10-07.txt	f7c0cf054d573215f01507511c6e2224ec4b9cfc3286277f1cbf45124255017d	f7c0cf054d573215f01507511c6e2224ec4b9cfc3286277f1cbf45124255017d	unchanged
evidence/source_verification/verification/check_results.json	outputs/NDS_without_Choice/verification/check_results.json	db3864c10e020095752f9aa4311b1230bf58b2dfb364f63e06258631b53507b3	92bbf389c31acfda20b6244ef280f5685614679b4229fab0f63f226679ea7531	path cleanup only
evidence/source_verification/verification/CHECK_RECORD.txt	outputs/NDS_without_Choice/verification/CHECK_RECORD.txt	13e0265c28af14490c7c9f1fd36a1c63aeda7e963435448b6364e3d8cfd7d9f3	13e0265c28af14490c7c9f1fd36a1c63aeda7e963435448b6364e3d8cfd7d9f3	unchanged
evidence/source_verification/verification/axiom_check.log	outputs/NDS_without_Choice/verification/axiom_check.log	1fbc5f4bd726092b7d5205249dad23922788c5140ef0f134c066c260c0998e80	1fbc5f4bd726092b7d5205249dad23922788c5140ef0f134c066c260c0998e80	unchanged
evidence/source_verification/verification/proof_source_sha256.json	outputs/NDS_without_Choice/verification/proof_source_sha256.json	cd61441e9491b0cac32741548f4b7e5093fe27f097ce218882b7c69a53c782ce	cd61441e9491b0cac32741548f4b7e5093fe27f097ce218882b7c69a53c782ce	unchanged
evidence/source_verification/verification/Audit.lean	outputs/NDS_without_Choice/verification/Audit.lean	a8b788147a281f5c452b1e059e724b5688935c46bf9c54c690477c1010e96a52	a8b788147a281f5c452b1e059e724b5688935c46bf9c54c690477c1010e96a52	unchanged
evidence/original_model/SIX_CYCLE_LEAN_CHECK.log	outputs/BPI_RPP_five_hour_research/SIX_CYCLE_LEAN_CHECK.log	e8c112cb6b81ee889e1e469fb06da8f19ded9b24c52666fae4da446f3de9e4cf	e8c112cb6b81ee889e1e469fb06da8f19ded9b24c52666fae4da446f3de9e4cf	unchanged
evidence/original_model/FINITE_HEIGHT_LEAN_CHECK.log	outputs/BPI_RPP_five_hour_research/FINITE_HEIGHT_LEAN_CHECK.log	a84e34b0cc05c7ba4a2d067c33878e05a0ee57a87d24d39867243b67f866d0b5	a84e34b0cc05c7ba4a2d067c33878e05a0ee57a87d24d39867243b67f866d0b5	unchanged
evidence/original_model/GRAPH_GADGET_FINITE_CHECK.json	outputs/BPI_RPP_five_hour_research/GRAPH_GADGET_FINITE_CHECK.json	146fc62d101b4561b3342a83d83fd4c358c22a08ad1ac9c5cce1aa8ad61d2112	146fc62d101b4561b3342a83d83fd4c358c22a08ad1ac9c5cce1aa8ad61d2112	unchanged
evidence/original_model/GRAPH_GADGET_INDEPENDENT_CHECK.json	outputs/BPI_RPP_five_hour_research/GRAPH_GADGET_INDEPENDENT_CHECK.json	858d3cbf37350cb48003dfdcea9d90b4bde0c979732bbce466e6a3be4c472745	858d3cbf37350cb48003dfdcea9d90b4bde0c979732bbce466e6a3be4c472745	unchanged
evidence/original_model/FINITE_ORDER_COMPATIBILITY_CHECK.json	outputs/BPI_RPP_five_hour_research/FINITE_ORDER_COMPATIBILITY_CHECK.json	1b1dc19a28b1e5a9989b7c13e0b25aa5a9ec925e683b799328fa550c426bf400	1b1dc19a28b1e5a9989b7c13e0b25aa5a9ec925e683b799328fa550c426bf400	unchanged
evidence/original_model/FINITE_ORDER_PALETTE_TOURNAMENT_CHECK.json	outputs/BPI_RPP_five_hour_research/FINITE_ORDER_PALETTE_TOURNAMENT_CHECK.json	17fcca7f222463c0dc05ed7611031528e5099acd5c79d36c4dbf922f441ba778	17fcca7f222463c0dc05ed7611031528e5099acd5c79d36c4dbf922f441ba778	unchanged
